index,DateTime,Open,Close,High,Low
0,20210419  23:15:00,0.8607,0.860785,0.86104,0.860525
1,20210420  00:00:00,0.860785,0.86056,0.86084,0.86053
2,20210420  01:00:00,0.86056,0.860705,0.86085,0.860355
3,20210420  02:00:00,0.860705,0.8608,0.861,0.860535
4,20210420  03:00:00,0.8608,0.860725,0.861415,0.86068
5,20210420  04:00:00,0.860725,0.861185,0.861225,0.860715
6,20210420  05:00:00,0.861185,0.86181,0.86192,0.86104
7,20210420  06:00:00,0.86181,0.86145,0.862255,0.861335
8,20210420  07:00:00,0.86145,0.86132,0.861835,0.861025
9,20210420  08:00:00,0.86132,0.86182,0.862465,0.86097
10,20210420  09:00:00,0.86182,0.862845,0.86288,0.861535
11,20210420  10:00:00,0.862845,0.863185,0.863205,0.861795
12,20210420  11:00:00,0.863185,0.862245,0.86339,0.861895
13,20210420  12:00:00,0.862245,0.862345,0.862785,0.861845
14,20210420  13:00:00,0.862345,0.86278,0.86303,0.861905
15,20210420  14:00:00,0.86278,0.86223,0.863245,0.862045
16,20210420  15:00:00,0.86223,0.862885,0.86317,0.862015
17,20210420  16:00:00,0.862885,0.863695,0.863895,0.862525
18,20210420  17:00:00,0.863695,0.863135,0.86433,0.86298
19,20210420  18:00:00,0.863135,0.86303,0.86334,0.86234
20,20210420  19:00:00,0.86303,0.862995,0.863325,0.862835
21,20210420  20:00:00,0.862995,0.86373,0.863735,0.862965
22,20210420  21:00:00,0.86373,0.863505,0.863745,0.863175
23,20210420  22:00:00,0.863505,0.86376,0.86376,0.86316
24,20210420  23:15:00,0.863425,0.863545,0.863815,0.863385
25,20210421  00:00:00,0.863545,0.863335,0.86367,0.863305
26,20210421  01:00:00,0.863335,0.863285,0.863585,0.863205
27,20210421  02:00:00,0.863285,0.863555,0.863685,0.86314
28,20210421  03:00:00,0.863555,0.863475,0.863725,0.863105
29,20210421  04:00:00,0.863475,0.86385,0.863895,0.863385
30,20210421  05:00:00,0.86385,0.86373,0.86391,0.863485
31,20210421  06:00:00,0.86373,0.86402,0.864085,0.8636
32,20210421  07:00:00,0.86402,0.86354,0.8642,0.86337
33,20210421  08:00:00,0.86354,0.86304,0.863695,0.86269
34,20210421  09:00:00,0.86304,0.86192,0.863525,0.861815
35,20210421  10:00:00,0.86192,0.86195,0.862185,0.861295
36,20210421  11:00:00,0.86195,0.861645,0.86257,0.861475
37,20210421  12:00:00,0.861645,0.86192,0.861975,0.861315
38,20210421  13:00:00,0.86192,0.862525,0.86268,0.86183
39,20210421  14:00:00,0.862525,0.863615,0.863785,0.86227
40,20210421  15:00:00,0.863615,0.86376,0.864455,0.863365
41,20210421  16:00:00,0.86376,0.86342,0.8638,0.862355
42,20210421  17:00:00,0.86342,0.863535,0.86395,0.86327
43,20210421  18:00:00,0.863535,0.863465,0.864085,0.863165
44,20210421  19:00:00,0.863465,0.86329,0.863725,0.863145
45,20210421  20:00:00,0.86329,0.863795,0.86381,0.863195
46,20210421  21:00:00,0.863795,0.864025,0.864055,0.86354
47,20210421  22:00:00,0.864025,0.864175,0.8643,0.86396
48,20210421  23:15:00,0.864175,0.86394,0.864175,0.863635
49,20210422  00:00:00,0.86394,0.86404,0.864045,0.863795
50,20210422  01:00:00,0.86404,0.864055,0.864125,0.863945
51,20210422  02:00:00,0.864055,0.86363,0.864125,0.863605
52,20210422  03:00:00,0.86363,0.863995,0.86405,0.8636
53,20210422  04:00:00,0.863995,0.863865,0.863995,0.863595
54,20210422  05:00:00,0.863865,0.863615,0.863865,0.86347
55,20210422  06:00:00,0.863615,0.86397,0.86404,0.86352
56,20210422  07:00:00,0.86397,0.863605,0.864035,0.86351
57,20210422  08:00:00,0.863605,0.863835,0.864025,0.863455
58,20210422  09:00:00,0.863835,0.864855,0.86493,0.86351
59,20210422  10:00:00,0.864855,0.86525,0.865655,0.86468
60,20210422  11:00:00,0.86525,0.86607,0.86643,0.86479
61,20210422  12:00:00,0.86607,0.866755,0.866975,0.865765
62,20210422  13:00:00,0.866755,0.866865,0.867105,0.86633
63,20210422  14:00:00,0.866865,0.8699,0.869945,0.86686
64,20210422  15:00:00,0.8699,0.86872,0.870245,0.86778
65,20210422  16:00:00,0.86872,0.868385,0.868875,0.867625
66,20210422  17:00:00,0.868385,0.86729,0.868805,0.867215
67,20210422  18:00:00,0.86729,0.86747,0.86751,0.866745
68,20210422  19:00:00,0.86747,0.867945,0.868315,0.86726
69,20210422  20:00:00,0.867945,0.867725,0.86819,0.867315
70,20210422  21:00:00,0.867725,0.868235,0.868255,0.86756
71,20210422  22:00:00,0.868235,0.86815,0.868325,0.868025
72,20210422  23:15:00,0.86855,0.86824,0.86855,0.86803
73,20210423  00:00:00,0.86824,0.86806,0.86849,0.86806
74,20210423  01:00:00,0.86806,0.86818,0.86832,0.86796
75,20210423  02:00:00,0.86818,0.86812,0.868305,0.86797
76,20210423  03:00:00,0.86812,0.86749,0.86824,0.86748
77,20210423  04:00:00,0.86749,0.86726,0.867855,0.867235
78,20210423  05:00:00,0.86726,0.86745,0.86761,0.86723
79,20210423  06:00:00,0.86745,0.8675,0.86755,0.86719
80,20210423  07:00:00,0.8675,0.86765,0.86799,0.86735
81,20210423  08:00:00,0.86765,0.86821,0.86834,0.867335
82,20210423  09:00:00,0.86821,0.867925,0.868565,0.867425
83,20210423  10:00:00,0.867925,0.869105,0.86986,0.867855
84,20210423  11:00:00,0.869105,0.86865,0.86968,0.86845
85,20210423  12:00:00,0.86865,0.868045,0.868905,0.868025
86,20210423  13:00:00,0.868045,0.868345,0.86852,0.868
87,20210423  14:00:00,0.868345,0.869425,0.87005,0.86833
88,20210423  15:00:00,0.869425,0.870205,0.871115,0.869205
89,20210423  16:00:00,0.870205,0.870595,0.870885,0.86976
90,20210423  17:00:00,0.870595,0.871765,0.871765,0.870475
91,20210423  18:00:00,0.871765,0.87157,0.87179,0.87131
92,20210423  19:00:00,0.87157,0.87159,0.87179,0.871165
93,20210423  20:00:00,0.87159,0.87146,0.871715,0.871335
94,20210423  21:00:00,0.87146,0.8714,0.871635,0.87097
95,20210423  22:00:00,0.8714,0.87146,0.87176,0.871195
96,20210425  23:15:00,0.8716,0.871445,0.8716,0.871135
97,20210426  00:00:00,0.871445,0.871605,0.871765,0.871215
98,20210426  01:00:00,0.871605,0.871935,0.87197,0.871515
99,20210426  02:00:00,0.871935,0.871505,0.871945,0.871215
100,20210426  03:00:00,0.871505,0.871325,0.87177,0.87121
101,20210426  04:00:00,0.871325,0.871245,0.871375,0.871035
102,20210426  05:00:00,0.871245,0.871175,0.87139,0.871055
103,20210426  06:00:00,0.871175,0.870925,0.871225,0.87083
104,20210426  07:00:00,0.870925,0.87118,0.871205,0.87082
105,20210426  08:00:00,0.87118,0.86964,0.871605,0.869555
106,20210426  09:00:00,0.86964,0.868765,0.869775,0.86832
107,20210426  10:00:00,0.868765,0.870205,0.87066,0.86827
108,20210426  11:00:00,0.870205,0.86929,0.870295,0.86912
109,20210426  12:00:00,0.86929,0.870025,0.870025,0.869045
110,20210426  13:00:00,0.870025,0.869875,0.87064,0.869615
111,20210426  14:00:00,0.869875,0.871055,0.87114,0.86939
112,20210426  15:00:00,0.871055,0.868865,0.87109,0.868715
113,20210426  16:00:00,0.868865,0.869645,0.86988,0.868645
114,20210426  17:00:00,0.869645,0.8699,0.87007,0.869355
115,20210426  18:00:00,0.8699,0.870505,0.870685,0.869865
116,20210426  19:00:00,0.870505,0.86991,0.870515,0.86981
117,20210426  20:00:00,0.86991,0.8695,0.86991,0.869485
118,20210426  21:00:00,0.8695,0.869325,0.869735,0.869035
119,20210426  22:00:00,0.869325,0.869415,0.8697,0.86931
120,20210426  23:15:00,0.869725,0.869605,0.86986,0.869395
121,20210427  00:00:00,0.869605,0.86944,0.869665,0.869415
122,20210427  01:00:00,0.86944,0.86936,0.86966,0.869275
123,20210427  02:00:00,0.86936,0.8695,0.86957,0.86911
124,20210427  03:00:00,0.8695,0.86925,0.869605,0.86919
125,20210427  04:00:00,0.86925,0.86943,0.869805,0.869225
126,20210427  05:00:00,0.86943,0.869495,0.86973,0.86938
127,20210427  06:00:00,0.869495,0.86923,0.869555,0.869185
128,20210427  07:00:00,0.86923,0.869175,0.869435,0.868905
129,20210427  08:00:00,0.869175,0.86914,0.869585,0.86867
130,20210427  09:00:00,0.86914,0.869225,0.870095,0.86843
131,20210427  10:00:00,0.869225,0.87001,0.87011,0.868805
132,20210427  11:00:00,0.87001,0.86887,0.870135,0.86885
133,20210427  12:00:00,0.86887,0.868605,0.86943,0.867875
134,20210427  13:00:00,0.868605,0.86922,0.8694,0.868065
135,20210427  14:00:00,0.86922,0.8689,0.869535,0.868495
136,20210427  15:00:00,0.8689,0.869315,0.869785,0.868835
137,20210427  16:00:00,0.869315,0.86817,0.86952,0.867685
138,20210427  17:00:00,0.86817,0.868465,0.868495,0.86742
139,20210427  18:00:00,0.868465,0.86804,0.86869,0.867735
140,20210427  19:00:00,0.86804,0.86846,0.868655,0.86777
141,20210427  20:00:00,0.86846,0.869525,0.869525,0.86846
142,20210427  21:00:00,0.869525,0.869375,0.86956,0.869205
143,20210427  22:00:00,0.869375,0.86938,0.86952,0.869245
144,20210427  23:15:00,0.8691,0.86929,0.86992,0.8691
145,20210428  00:00:00,0.86929,0.86947,0.86976,0.86926
146,20210428  01:00:00,0.86947,0.869545,0.869625,0.86926
147,20210428  02:00:00,0.869545,0.869715,0.869825,0.86922
148,20210428  03:00:00,0.869715,0.870305,0.87049,0.869575
149,20210428  04:00:00,0.870305,0.87043,0.87044,0.87011
150,20210428  05:00:00,0.87043,0.87038,0.870525,0.870245
151,20210428  06:00:00,0.87038,0.870125,0.8704,0.869945
152,20210428  07:00:00,0.870125,0.869545,0.87018,0.86933
153,20210428  08:00:00,0.869545,0.86954,0.86979,0.869025
154,20210428  09:00:00,0.86954,0.870255,0.87035,0.869275
155,20210428  10:00:00,0.870255,0.869875,0.87059,0.86933
156,20210428  11:00:00,0.869875,0.86876,0.870215,0.868635
157,20210428  12:00:00,0.86876,0.870195,0.870625,0.86862
158,20210428  13:00:00,0.870195,0.869905,0.870735,0.869825
159,20210428  14:00:00,0.869905,0.870195,0.87061,0.869495
160,20210428  15:00:00,0.870195,0.86876,0.870365,0.868665
161,20210428  16:00:00,0.86876,0.86929,0.869805,0.868555
162,20210428  17:00:00,0.86929,0.869375,0.86973,0.869105
163,20210428  18:00:00,0.869375,0.868875,0.86952,0.868715
164,20210428  19:00:00,0.868875,0.869195,0.86955,0.86873
165,20210428  20:00:00,0.869195,0.869445,0.869895,0.86867
166,20210428  21:00:00,0.869445,0.869775,0.869795,0.86894
167,20210428  22:00:00,0.869775,0.86973,0.87005,0.869415
168,20210428  23:15:00,0.870025,0.869865,0.87023,0.86971
169,20210429  00:00:00,0.869865,0.86971,0.870035,0.86935
170,20210429  01:00:00,0.86971,0.86963,0.86976,0.86943
171,20210429  02:00:00,0.86963,0.86952,0.869775,0.86916
172,20210429  03:00:00,0.86952,0.86965,0.86976,0.869125
173,20210429  04:00:00,0.86965,0.86984,0.870145,0.86956
174,20210429  05:00:00,0.86984,0.86959,0.870075,0.86958
175,20210429  06:00:00,0.86959,0.869625,0.869795,0.869555
176,20210429  07:00:00,0.869625,0.8694,0.869715,0.869385
177,20210429  08:00:00,0.8694,0.86814,0.869415,0.86799
178,20210429  09:00:00,0.86814,0.86773,0.86872,0.867495
179,20210429  10:00:00,0.86773,0.869035,0.86953,0.867585
180,20210429  11:00:00,0.869035,0.869365,0.869635,0.867955
181,20210429  12:00:00,0.869365,0.869425,0.869975,0.86913
182,20210429  13:00:00,0.869425,0.86956,0.870175,0.869405
183,20210429  14:00:00,0.86956,0.868265,0.869605,0.868215
184,20210429  15:00:00,0.868265,0.86825,0.86926,0.867425
185,20210429  16:00:00,0.86825,0.86851,0.869105,0.86754
186,20210429  17:00:00,0.86851,0.867865,0.86867,0.867865
187,20210429  18:00:00,0.867865,0.869135,0.86919,0.867855
188,20210429  19:00:00,0.869135,0.86936,0.86939,0.868755
189,20210429  20:00:00,0.86936,0.86929,0.86941,0.868995
190,20210429  21:00:00,0.86929,0.869455,0.869735,0.869145
191,20210429  22:00:00,0.869455,0.86935,0.86972,0.869205
192,20210429  23:15:00,0.86965,0.86935,0.86965,0.868855
193,20210430  00:00:00,0.86935,0.86937,0.86956,0.869315
194,20210430  01:00:00,0.86937,0.86914,0.86937,0.86894
195,20210430  02:00:00,0.86914,0.868755,0.869405,0.868715
196,20210430  03:00:00,0.868755,0.86866,0.86888,0.86852
197,20210430  04:00:00,0.86866,0.869035,0.86911,0.86856
198,20210430  05:00:00,0.869035,0.86888,0.869125,0.86878
199,20210430  06:00:00,0.86888,0.868915,0.86897,0.86869
200,20210430  07:00:00,0.868915,0.86947,0.869535,0.868915
201,20210430  08:00:00,0.86947,0.869135,0.86972,0.868485
202,20210430  09:00:00,0.869135,0.869755,0.870325,0.86906
203,20210430  10:00:00,0.869755,0.869725,0.87022,0.86912
204,20210430  11:00:00,0.869725,0.869655,0.87016,0.869365
205,20210430  12:00:00,0.869655,0.868565,0.869835,0.86853
206,20210430  13:00:00,0.868565,0.86873,0.86887,0.868165
207,20210430  14:00:00,0.86873,0.870695,0.87093,0.868455
208,20210430  15:00:00,0.870695,0.870205,0.87175,0.87015
209,20210430  16:00:00,0.870205,0.86964,0.87134,0.86886
210,20210430  17:00:00,0.86964,0.86945,0.871175,0.86937
211,20210430  18:00:00,0.86945,0.869635,0.87007,0.869425
212,20210430  19:00:00,0.869635,0.87082,0.87086,0.869435
213,20210430  20:00:00,0.87082,0.87064,0.870925,0.870125
214,20210430  21:00:00,0.87064,0.87053,0.87076,0.87023
215,20210430  22:00:00,0.87053,0.87023,0.87062,0.869815
216,20210502  23:15:00,0.87065,0.870375,0.871,0.870175
217,20210503  00:00:00,0.870375,0.870305,0.87054,0.87015
218,20210503  01:00:00,0.870305,0.87036,0.87059,0.870235
219,20210503  02:00:00,0.87036,0.8699,0.870435,0.86983
220,20210503  03:00:00,0.8699,0.869945,0.87016,0.86965
221,20210503  04:00:00,0.869945,0.869855,0.870045,0.86966
222,20210503  05:00:00,0.869855,0.869585,0.869905,0.86952
223,20210503  06:00:00,0.869585,0.869795,0.869795,0.869495
224,20210503  07:00:00,0.869795,0.87041,0.870425,0.8697
225,20210503  08:00:00,0.87041,0.870745,0.87079,0.869515
226,20210503  09:00:00,0.870745,0.86953,0.870965,0.86939
227,20210503  10:00:00,0.86953,0.86945,0.869755,0.86901
228,20210503  11:00:00,0.86945,0.86992,0.870185,0.869445
229,20210503  12:00:00,0.86992,0.869105,0.870215,0.868935
230,20210503  13:00:00,0.869105,0.86841,0.869275,0.86834
231,20210503  14:00:00,0.86841,0.867755,0.86861,0.867345
232,20210503  15:00:00,0.867755,0.86718,0.8678,0.86681
233,20210503  16:00:00,0.86718,0.866865,0.86766,0.866615
234,20210503  17:00:00,0.866865,0.866815,0.867245,0.86664
235,20210503  18:00:00,0.866815,0.866655,0.86708,0.86659
236,20210503  19:00:00,0.866655,0.86723,0.86727,0.866475
237,20210503  20:00:00,0.86723,0.867255,0.867525,0.86709
238,20210503  21:00:00,0.867255,0.867465,0.86756,0.86714
239,20210503  22:00:00,0.867465,0.867325,0.86753,0.867095
240,20210503  23:15:00,0.867325,0.867285,0.867495,0.86714
241,20210504  00:00:00,0.867285,0.86739,0.86747,0.86717
242,20210504  01:00:00,0.86739,0.867345,0.86748,0.86719
243,20210504  02:00:00,0.867345,0.86728,0.867635,0.86708
244,20210504  03:00:00,0.86728,0.867705,0.86787,0.86725
245,20210504  04:00:00,0.867705,0.867725,0.86781,0.867505
246,20210504  05:00:00,0.867725,0.8675,0.867835,0.867355
247,20210504  06:00:00,0.8675,0.867805,0.86785,0.867425
248,20210504  07:00:00,0.867805,0.867195,0.867805,0.867185
249,20210504  08:00:00,0.867195,0.86661,0.86754,0.86629
250,20210504  09:00:00,0.86661,0.866455,0.8677,0.866425
251,20210504  10:00:00,0.866455,0.865455,0.86646,0.865385
252,20210504  11:00:00,0.865455,0.865145,0.86553,0.86481
253,20210504  12:00:00,0.865145,0.865495,0.8655,0.86472
254,20210504  13:00:00,0.865495,0.867025,0.86707,0.86543
255,20210504  14:00:00,0.867025,0.868275,0.86896,0.866825
256,20210504  15:00:00,0.868275,0.867975,0.868565,0.86734
257,20210504  16:00:00,0.867975,0.866695,0.868225,0.866185
258,20210504  17:00:00,0.866695,0.866095,0.866785,0.865695
259,20210504  18:00:00,0.866095,0.86534,0.86614,0.86509
260,20210504  19:00:00,0.86534,0.86502,0.865395,0.864805
261,20210504  20:00:00,0.86502,0.86463,0.86534,0.864615
262,20210504  21:00:00,0.86463,0.86506,0.865245,0.86459
263,20210504  22:00:00,0.86506,0.86525,0.86545,0.86501
264,20210504  23:15:00,0.865225,0.865,0.865225,0.864975
265,20210505  00:00:00,0.865,0.86491,0.86514,0.86485
266,20210505  01:00:00,0.86491,0.86513,0.86513,0.864865
267,20210505  02:00:00,0.86513,0.86483,0.86513,0.864735
268,20210505  03:00:00,0.86483,0.864305,0.86497,0.864285
269,20210505  04:00:00,0.864305,0.864355,0.86459,0.864175
270,20210505  05:00:00,0.864355,0.86434,0.864435,0.864235
271,20210505  06:00:00,0.86434,0.86435,0.86447,0.86424
272,20210505  07:00:00,0.86435,0.864045,0.864655,0.864025
273,20210505  08:00:00,0.864045,0.86284,0.86443,0.862735
274,20210505  09:00:00,0.86284,0.86313,0.863685,0.8625
275,20210505  10:00:00,0.86313,0.86347,0.863485,0.862765
276,20210505  11:00:00,0.86347,0.86391,0.864325,0.863335
277,20210505  12:00:00,0.86391,0.863725,0.864265,0.86263
278,20210505  13:00:00,0.863725,0.863585,0.863795,0.8632
279,20210505  14:00:00,0.863585,0.862695,0.863675,0.862535
280,20210505  15:00:00,0.862695,0.863185,0.863745,0.862695
281,20210505  16:00:00,0.863185,0.863,0.863675,0.86263
282,20210505  17:00:00,0.863,0.862685,0.86344,0.862375
283,20210505  18:00:00,0.862685,0.862715,0.863035,0.862375
284,20210505  19:00:00,0.862715,0.86269,0.86302,0.862485
285,20210505  20:00:00,0.86269,0.862815,0.862895,0.86248
286,20210505  21:00:00,0.862815,0.862925,0.863275,0.862655
287,20210505  22:00:00,0.862925,0.86323,0.863385,0.86291
288,20210505  23:15:00,0.863265,0.86338,0.86341,0.86318
289,20210506  00:00:00,0.86338,0.863375,0.863425,0.863185
290,20210506  01:00:00,0.863375,0.8633,0.863465,0.86327
291,20210506  02:00:00,0.8633,0.863355,0.86336,0.862925
292,20210506  03:00:00,0.863355,0.86342,0.86342,0.863135
293,20210506  04:00:00,0.86342,0.863595,0.86395,0.863345
294,20210506  05:00:00,0.863595,0.86353,0.863685,0.86346
295,20210506  06:00:00,0.86353,0.86361,0.863735,0.86348
296,20210506  07:00:00,0.86361,0.86345,0.863665,0.863335
297,20210506  08:00:00,0.86345,0.86415,0.864405,0.86322
298,20210506  09:00:00,0.86415,0.86492,0.86512,0.863955
299,20210506  10:00:00,0.86492,0.866115,0.866375,0.864695
300,20210506  11:00:00,0.866115,0.865595,0.866445,0.8655
301,20210506  12:00:00,0.865595,0.86654,0.866755,0.865495
302,20210506  13:00:00,0.86654,0.86599,0.86887,0.863845
303,20210506  14:00:00,0.86599,0.867885,0.86789,0.865595
304,20210506  15:00:00,0.867885,0.86811,0.86873,0.86704
305,20210506  16:00:00,0.86811,0.868395,0.869895,0.86806
306,20210506  17:00:00,0.868395,0.868145,0.86873,0.86781
307,20210506  18:00:00,0.868145,0.86774,0.868155,0.867325
308,20210506  19:00:00,0.86774,0.86825,0.86829,0.867535
309,20210506  20:00:00,0.86825,0.868135,0.868325,0.867855
310,20210506  21:00:00,0.868135,0.86794,0.86826,0.86791
311,20210506  22:00:00,0.86794,0.868475,0.86852,0.867905
312,20210506  23:15:00,0.868075,0.868425,0.86851,0.868075
313,20210507  00:00:00,0.868425,0.86805,0.86851,0.86804
314,20210507  01:00:00,0.86805,0.86828,0.86835,0.867995
315,20210507  02:00:00,0.86828,0.86809,0.868585,0.867915
316,20210507  03:00:00,0.86809,0.86769,0.868215,0.86756
317,20210507  04:00:00,0.86769,0.8678,0.867955,0.867555
318,20210507  05:00:00,0.8678,0.867585,0.86789,0.867445
319,20210507  06:00:00,0.867585,0.867385,0.86771,0.86737
320,20210507  07:00:00,0.867385,0.86731,0.867725,0.867215
321,20210507  08:00:00,0.86731,0.86699,0.86754,0.866825
322,20210507  09:00:00,0.86699,0.86742,0.867965,0.86654
323,20210507  10:00:00,0.86742,0.86806,0.868375,0.86701
324,20210507  11:00:00,0.86806,0.86774,0.86884,0.867635
325,20210507  12:00:00,0.86774,0.867685,0.868365,0.8674
326,20210507  13:00:00,0.867685,0.86801,0.86892,0.867625
327,20210507  14:00:00,0.86801,0.86919,0.87009,0.86768
328,20210507  15:00:00,0.86919,0.869405,0.87005,0.86905
329,20210507  16:00:00,0.869405,0.86855,0.869835,0.868335
330,20210507  17:00:00,0.86855,0.868905,0.86913,0.868145
331,20210507  18:00:00,0.868905,0.86906,0.86955,0.868705
332,20210507  19:00:00,0.86906,0.86913,0.86954,0.86879
333,20210507  20:00:00,0.86913,0.86914,0.86928,0.868855
334,20210507  21:00:00,0.86914,0.868985,0.869235,0.86879
335,20210507  22:00:00,0.868985,0.869875,0.869875,0.868645
336,20210509  23:15:00,0.8689,0.869185,0.86942,0.868675
337,20210510  00:00:00,0.869185,0.8673,0.86921,0.867075
338,20210510  01:00:00,0.8673,0.866835,0.867645,0.86681
339,20210510  02:00:00,0.866835,0.866945,0.86716,0.866405
340,20210510  03:00:00,0.866945,0.86649,0.86699,0.8661
341,20210510  04:00:00,0.86649,0.86682,0.866985,0.86642
342,20210510  05:00:00,0.86682,0.866945,0.86707,0.866705
343,20210510  06:00:00,0.866945,0.866385,0.86723,0.866385
344,20210510  07:00:00,0.866385,0.865335,0.86658,0.86487
345,20210510  08:00:00,0.865335,0.86462,0.865405,0.86414
346,20210510  09:00:00,0.86462,0.863025,0.86486,0.862765
347,20210510  10:00:00,0.863025,0.86379,0.863985,0.86253
348,20210510  11:00:00,0.86379,0.863235,0.863855,0.86304
349,20210510  12:00:00,0.863235,0.862685,0.86347,0.86234
350,20210510  13:00:00,0.862685,0.862025,0.86317,0.861375
351,20210510  14:00:00,0.862025,0.86032,0.86223,0.859625
352,20210510  15:00:00,0.86032,0.86165,0.861685,0.86023
353,20210510  16:00:00,0.86165,0.86008,0.861905,0.85932
354,20210510  17:00:00,0.86008,0.85996,0.860725,0.85992
355,20210510  18:00:00,0.85996,0.859765,0.860635,0.859755
356,20210510  19:00:00,0.859765,0.859505,0.860015,0.858965
357,20210510  20:00:00,0.859505,0.859275,0.85956,0.858815
358,20210510  21:00:00,0.859275,0.85909,0.85949,0.858975
359,20210510  22:00:00,0.85909,0.859075,0.85936,0.858915
360,20210510  23:15:00,0.859335,0.85915,0.85935,0.85891
361,20210511  00:00:00,0.85915,0.85921,0.859255,0.85891
362,20210511  01:00:00,0.85921,0.85917,0.85937,0.859105
363,20210511  02:00:00,0.85917,0.859115,0.859315,0.85886
364,20210511  03:00:00,0.859115,0.859705,0.859735,0.85893
365,20210511  04:00:00,0.859705,0.859685,0.859815,0.85951
366,20210511  05:00:00,0.859685,0.859725,0.859865,0.859625
367,20210511  06:00:00,0.859725,0.859555,0.85973,0.859245
368,20210511  07:00:00,0.859555,0.859505,0.859855,0.859415
369,20210511  08:00:00,0.859505,0.859645,0.86001,0.85928
370,20210511  09:00:00,0.859645,0.859625,0.85998,0.85869
371,20210511  10:00:00,0.859625,0.860115,0.86138,0.859555
372,20210511  11:00:00,0.860115,0.86067,0.860975,0.860015
373,20210511  12:00:00,0.86067,0.860895,0.860995,0.859915
374,20210511  13:00:00,0.860895,0.860205,0.86105,0.85978
375,20210511  14:00:00,0.860205,0.85985,0.860245,0.859425
376,20210511  15:00:00,0.85985,0.859955,0.86079,0.859745
377,20210511  16:00:00,0.859955,0.859855,0.86099,0.85971
378,20210511  17:00:00,0.859855,0.86011,0.860325,0.85962
379,20210511  18:00:00,0.86011,0.85874,0.86015,0.858705
380,20210511  19:00:00,0.85874,0.858555,0.859125,0.85848
381,20210511  20:00:00,0.858555,0.85838,0.858955,0.858205
382,20210511  21:00:00,0.85838,0.859025,0.85925,0.858175
383,20210511  22:00:00,0.859025,0.85909,0.85925,0.85887
384,20210511  23:15:00,0.85865,0.85907,0.859115,0.858625
385,20210512  00:00:00,0.85907,0.85895,0.85922,0.858735
386,20210512  01:00:00,0.85895,0.85914,0.859245,0.85892
387,20210512  02:00:00,0.85914,0.85924,0.85958,0.859005
388,20210512  03:00:00,0.85924,0.85936,0.85976,0.85902
389,20210512  04:00:00,0.85936,0.85914,0.859565,0.85901
390,20210512  05:00:00,0.85914,0.85882,0.859255,0.858705
391,20210512  06:00:00,0.85882,0.858715,0.858875,0.858665
392,20210512  07:00:00,0.858715,0.85874,0.85888,0.858575
393,20210512  08:00:00,0.85874,0.85836,0.858815,0.85817
394,20210512  09:00:00,0.85836,0.85838,0.858625,0.858005
395,20210512  10:00:00,0.85838,0.858065,0.858665,0.858055
396,20210512  11:00:00,0.858065,0.858485,0.858805,0.857495
397,20210512  12:00:00,0.858485,0.857365,0.858825,0.857315
398,20210512  13:00:00,0.857365,0.8576,0.857925,0.85715
399,20210512  14:00:00,0.8576,0.8582,0.85913,0.857015
400,20210512  15:00:00,0.8582,0.85686,0.85874,0.856515
401,20210512  16:00:00,0.85686,0.856685,0.85717,0.85614
402,20210512  17:00:00,0.856685,0.857425,0.857505,0.856065
403,20210512  18:00:00,0.857425,0.85835,0.858465,0.857345
404,20210512  19:00:00,0.85835,0.858615,0.85896,0.85828
405,20210512  20:00:00,0.858615,0.859225,0.859395,0.858565
406,20210512  21:00:00,0.859225,0.858895,0.859455,0.858885
407,20210512  22:00:00,0.858895,0.858825,0.859245,0.858695
408,20210512  23:15:00,0.858625,0.85869,0.858935,0.85807
409,20210513  00:00:00,0.85869,0.858625,0.858975,0.858365
410,20210513  01:00:00,0.858625,0.85888,0.858975,0.858525
411,20210513  02:00:00,0.85888,0.859,0.859215,0.858765
412,20210513  03:00:00,0.859,0.858715,0.85907,0.858625
413,20210513  04:00:00,0.858715,0.85895,0.85917,0.858715
414,20210513  05:00:00,0.85895,0.85884,0.85913,0.858785
415,20210513  06:00:00,0.85884,0.858675,0.85895,0.85847
416,20210513  07:00:00,0.858675,0.859235,0.85929,0.85864
417,20210513  08:00:00,0.859235,0.86066,0.86118,0.85915
418,20210513  09:00:00,0.86066,0.86021,0.86088,0.860065
419,20210513  10:00:00,0.86021,0.859745,0.860525,0.859225
420,20210513  11:00:00,0.859745,0.860365,0.860485,0.85938
421,20210513  12:00:00,0.860365,0.860705,0.861235,0.860265
422,20210513  13:00:00,0.860705,0.8611,0.8611,0.860485
423,20210513  14:00:00,0.8611,0.86099,0.861225,0.8605
424,20210513  15:00:00,0.86099,0.86076,0.861745,0.86057
425,20210513  16:00:00,0.86076,0.85965,0.860895,0.85956
426,20210513  17:00:00,0.85965,0.86018,0.86056,0.859505
427,20210513  18:00:00,0.86018,0.86057,0.86098,0.86002
428,20210513  19:00:00,0.86057,0.86054,0.86079,0.85986
429,20210513  20:00:00,0.86054,0.86001,0.860705,0.859985
430,20210513  21:00:00,0.86001,0.85994,0.860145,0.859805
431,20210513  22:00:00,0.85994,0.859675,0.86007,0.85955
432,20210513  23:15:00,0.8598,0.859845,0.86014,0.8593
433,20210514  00:00:00,0.859845,0.859965,0.859995,0.859675
434,20210514  01:00:00,0.859965,0.85979,0.85999,0.859585
435,20210514  02:00:00,0.85979,0.85969,0.86009,0.859675
436,20210514  03:00:00,0.85969,0.860325,0.86033,0.859635
437,20210514  04:00:00,0.860325,0.860335,0.860485,0.860155
438,20210514  05:00:00,0.860335,0.86044,0.86063,0.86023
439,20210514  06:00:00,0.86044,0.86056,0.86061,0.86024
440,20210514  07:00:00,0.86056,0.86072,0.860775,0.86029
441,20210514  08:00:00,0.86072,0.860905,0.861745,0.86055
442,20210514  09:00:00,0.860905,0.861485,0.861795,0.860305
443,20210514  10:00:00,0.861485,0.86199,0.86273,0.861295
444,20210514  11:00:00,0.86199,0.86128,0.86213,0.86082
445,20210514  12:00:00,0.86128,0.860945,0.861575,0.860265
446,20210514  13:00:00,0.860945,0.86094,0.861095,0.860415
447,20210514  14:00:00,0.86094,0.860885,0.86145,0.860525
448,20210514  15:00:00,0.860885,0.86068,0.861715,0.860655
449,20210514  16:00:00,0.86068,0.8613,0.861995,0.86057
450,20210514  17:00:00,0.8613,0.8613,0.86188,0.860875
451,20210514  18:00:00,0.8613,0.860955,0.861625,0.86086
452,20210514  19:00:00,0.860955,0.861155,0.861545,0.86093
453,20210514  20:00:00,0.861155,0.8612,0.86148,0.860865
454,20210514  21:00:00,0.8612,0.861465,0.861565,0.86103
455,20210514  22:00:00,0.861465,0.86115,0.861765,0.861145
456,20210516  23:15:00,0.861075,0.8609,0.861365,0.860805
457,20210517  00:00:00,0.8609,0.861615,0.86167,0.8609
458,20210517  01:00:00,0.861615,0.861645,0.861725,0.861425
459,20210517  02:00:00,0.861645,0.861365,0.861735,0.86111
460,20210517  03:00:00,0.861365,0.861385,0.861515,0.8612
461,20210517  04:00:00,0.861385,0.86144,0.861685,0.861325
462,20210517  05:00:00,0.86144,0.86125,0.861525,0.861125
463,20210517  06:00:00,0.86125,0.861225,0.86128,0.860995
464,20210517  07:00:00,0.861225,0.86099,0.861355,0.860955
465,20210517  08:00:00,0.86099,0.86037,0.86113,0.860275
466,20210517  09:00:00,0.86037,0.86102,0.861585,0.860115
467,20210517  10:00:00,0.86102,0.86117,0.861505,0.860555
468,20210517  11:00:00,0.86117,0.8619,0.86233,0.86101
469,20210517  12:00:00,0.8619,0.863145,0.863165,0.86176
470,20210517  13:00:00,0.863145,0.861985,0.86318,0.8619
471,20210517  14:00:00,0.861985,0.861595,0.86239,0.86135
472,20210517  15:00:00,0.861595,0.861465,0.861795,0.86072
473,20210517  16:00:00,0.861465,0.860225,0.86177,0.860105
474,20210517  17:00:00,0.860225,0.860435,0.860635,0.86001
475,20210517  18:00:00,0.860435,0.859765,0.860525,0.859675
476,20210517  19:00:00,0.859765,0.859695,0.86003,0.85951
477,20210517  20:00:00,0.859695,0.85961,0.85986,0.859515
478,20210517  21:00:00,0.85961,0.859695,0.859915,0.85961
479,20210517  22:00:00,0.859695,0.859565,0.85982,0.85941
480,20210517  23:15:00,0.859825,0.859575,0.859825,0.85947
481,20210518  00:00:00,0.859575,0.85965,0.859735,0.859495
482,20210518  01:00:00,0.85965,0.859235,0.859655,0.859235
483,20210518  02:00:00,0.859235,0.859055,0.85932,0.85878
484,20210518  03:00:00,0.859055,0.85862,0.85915,0.85837
485,20210518  04:00:00,0.85862,0.858485,0.858645,0.858305
486,20210518  05:00:00,0.858485,0.858315,0.858575,0.858235
487,20210518  06:00:00,0.858315,0.85841,0.85851,0.858185
488,20210518  07:00:00,0.85841,0.858865,0.85891,0.85827
489,20210518  08:00:00,0.858865,0.858905,0.859345,0.858405
490,20210518  09:00:00,0.858905,0.859265,0.85965,0.85881
491,20210518  10:00:00,0.859265,0.85979,0.86053,0.85902
492,20210518  11:00:00,0.85979,0.860145,0.860375,0.85902
493,20210518  12:00:00,0.860145,0.86037,0.86063,0.85988
494,20210518  13:00:00,0.86037,0.860185,0.860745,0.85985
495,20210518  14:00:00,0.860185,0.860485,0.86094,0.859825
496,20210518  15:00:00,0.860485,0.860245,0.86056,0.859565
497,20210518  16:00:00,0.860245,0.85979,0.86072,0.859245
498,20210518  17:00:00,0.85979,0.860305,0.86062,0.859735
499,20210518  18:00:00,0.860305,0.8608,0.86089,0.860215
500,20210518  19:00:00,0.8608,0.861115,0.86127,0.86069
501,20210518  20:00:00,0.861115,0.861745,0.86192,0.861075
502,20210518  21:00:00,0.861745,0.861665,0.861825,0.86151
503,20210518  22:00:00,0.861665,0.8616,0.8618,0.861495
504,20210518  23:15:00,0.861475,0.861665,0.861735,0.861415
505,20210519  00:00:00,0.861665,0.86155,0.861765,0.861355
506,20210519  01:00:00,0.86155,0.86149,0.861655,0.86132
507,20210519  02:00:00,0.86149,0.86142,0.86163,0.86125
508,20210519  03:00:00,0.86142,0.86148,0.86163,0.86128
509,20210519  04:00:00,0.86148,0.8619,0.861955,0.861415
510,20210519  05:00:00,0.8619,0.861985,0.862055,0.86172
511,20210519  06:00:00,0.861985,0.862125,0.862305,0.861875
512,20210519  07:00:00,0.862125,0.86196,0.862325,0.861855
513,20210519  08:00:00,0.86196,0.86257,0.86334,0.861915
514,20210519  09:00:00,0.86257,0.862105,0.862945,0.861405
515,20210519  10:00:00,0.862105,0.86139,0.86234,0.860975
516,20210519  11:00:00,0.86139,0.86156,0.861685,0.861365
